t_end,type,v,crashed,lane,x_t_1,x_t_2,x_t_3,y_t_1,y_t_2,y_t_3,y_t_4,y_t_5,y_t_6,y_t_7
1,1,30,0,1,0,0,0,0,0,0,0,0,0,0
2,1,30,0,1,0,0,0,0,0,0,0,0,0,0
3,1,30,0,1,0,0,0,0,0,0,0,0,0,0
7,2,30,0,1,-0.42663,31.082,-0.13708,-0.014481,0.17965,-0.81529,1.5424,-0.90426,0.87485,1.8519
11,2,30,0,2,-0.55434,31.292,0.51363,0.014481,-0.17965,0.81529,-1.5424,0.90426,-0.87485,5.5481
12,1,30,0,1,0,0,0,0,0,0,0,0,0,0
13,1,30,0,1,0,0,0,0,0,0,0,0,0,0
14,1,30,0,1,0,0,0,0,0,0,0,0,0,0
