t_end,type,v,crashed,lane,x_t_1,x_t_2,x_t_3,y_t_1,y_t_2,y_t_3,y_t_4,y_t_5,y_t_6,y_t_7
1,1,30,0,1,0,0,0,0,0,0,0,0,0,0
2,1,30,0,1,0,0,0,0,0,0,0,0,0,0
3,1,31,0,1,0,0,0,0,0,0,0,0,0,0
9,2,32,1,1,-0.16281,31.339,0.77295,0.00043017,-0.010197,0.09934,-0.49737,1.1759,-0.12264,1.8529
