t_end,type,v,crashed,lane,x_t_1,x_t_2,x_t_3,y_t_1,y_t_2,y_t_3,y_t_4,y_t_5,y_t_6,y_t_7
1,1,30,0,1,0,0,0,0,0,0,0,0,0,0
9,2,32,1,1,0.10226,30.519,-0.30883,0.00018689,-0.005575,0.066428,-0.38952,1.0172,-0.040116,1.8491
