t_end,type,v,crashed,lane,x_t_1,x_t_2,x_t_3,y_t_1,y_t_2,y_t_3,y_t_4,y_t_5,y_t_6,y_t_7
1,1,30,0,1,0,0,0,0,0,0,0,0,0,0
2,1,31,0,1,0,0,0,0,0,0,0,0,0,0
3,1,32,0,1,0,0,0,0,0,0,0,0,0,0
3,2,32,1,2,0.07619,32.874,0.08152,-0.00043017,0.010197,-0.09934,0.49737,-1.1759,0.12264,5.5471
