type_driver,property,probability
1,P=? [F crashed],0.415959376896
1,P=? [F (x = 500) & (t < 23)],0.7177859257648805
2,P=? [F crashed],0.0074245248
2,P=? [F (x = 500) & (t < 23)],0.9414041965777342
3,P=? [F crashed],0.0009258080726999997
3,P=? [F (x = 500) & (t < 23)],0.986649239941368
