type_driver,property,probability
1,P=? [F crashed],0.0715940225
1,P=? [F (x = 500) & (t < 23)],0.46163611829735
2,P=? [F crashed],0.0007484400000000001
2,P=? [F (x = 500) & (t < 23)],0.26989054099312
3,P=? [F crashed],0.00011627999999999999
3,P=? [F (x = 500) & (t < 23)],0.19601480370160002
